Predictor	%IncMSE	Response	estimate	std.error	statistic	p.value
NO3Flux	4.017879805345898	Agaricomycetes	-4.011130474623652	5.5357570335507	-0.7245857161564884	0.4700921159762602
NH4Flux	3.0674969921004323	Agaricomycetes	208.70884576423245	105.18660255429631	1.9841770786018014	0.049388172332976266
CaFlux_MgFlux_SFlux	2.021289981789483	Agaricomycetes	94.3874932138199	144.29993948960822	0.6541062563689933	0.5142577666274574
KFlux	4.9466809620046694	Agaricomycetes	-1.3853583471425683	1.6445844041777749	-0.8423759483692727	0.4011283293298652
PFlux	6.397640180909583	Agaricomycetes	-40.04511963911779	19.428748128338245	-2.0611271181548267	0.04149804742212455
FeFlux	3.765150982812814	Agaricomycetes	24.496916121191074	169.6783985826439	0.14437262683888166	0.8855307370092094
CuFlux	4.880916708277974	Agaricomycetes	5694.260091859327	3759.390165099728	1.5146765410842296	0.13245317514233002
GrassCover_FeConc	3.1959260673283114	Agaricomycetes	113.20883548832302	204.52269978207795	0.5535269953357195	0.582467531975922
ShrubCover	-0.6978870269554616	Agaricomycetes	-8.439152498173163	20.984061085685653	-0.4021696497981489	0.6899150170059332
ForbCover_PConc	-0.7279478104136652	Agaricomycetes	143.29510753551733	245.16979187942505	0.5844729337861906	0.5664032092871518
pHConc_BaseSatConc	1.1196101872009037	Agaricomycetes	237.52978934482093	178.84377149310208	1.3281412450753554	0.1881562717233576
CECConc_CaConc_TOCConc	0.8686676612259503	Agaricomycetes	233.19979214776842	155.57069953176776	1.4989955875344554	0.13877677607726358
KConc	3.50389789746416	Agaricomycetes	0.15349428891200956	1.1328118279587016	0.1354984871482163	0.8924274314125213
MgConc	1.2602790081592814	Agaricomycetes	2.2478553459552577	2.7128463459448526	0.8285966322107918	0.4100964815011884
NaConc	3.2311229804981463	Agaricomycetes	15.416139925052994	58.42720512483046	0.2638520855501511	0.7924414081541726
NConc	1.8186382819309403	Agaricomycetes	888.763321802894	858.588394798796	1.0351448111655053	0.3030827722063519
NO3Flux	1.3937519338378326	Leotiomycetes	1.7924533878233515	2.5201500093655764	0.7112486880392427	0.4781865576887623
NH4Flux	3.6618970149194534	Leotiomycetes	-106.79057403332024	46.35248829906626	-2.3038800709965654	0.022869198850693495
CaFlux_MgFlux_SFlux	-0.17094942374794544	Leotiomycetes	0.3935500142974313	65.6764052041971	0.0059922587582835795	0.9952279632425889
KFlux	0.5533043036321934	Leotiomycetes	-0.25144742766636297	0.7430933067607244	-0.3383793466832139	0.7356166721636797
PFlux	4.411890888051865	Leotiomycetes	3.7499526940326438	9.002867358302401	0.41652870633203937	0.6777104648380503
FeFlux	2.5586008088188903	Leotiomycetes	-113.68590764881286	78.0590283774827	-1.4564094636054585	0.1478735510671506
CuFlux	4.03470016272195	Leotiomycetes	-2106.7462012096103	1715.2687772352306	-1.2282309508398943	0.22156407352748436
GrassCover_FeConc	-0.07743448463018483	Leotiomycetes	25.642060048123863	99.37440353852682	0.25803485741861687	0.7970257662352149
ShrubCover	-1.5118534260764933	Leotiomycetes	6.673926830692207	10.341379772913648	0.6453613518935541	0.5209437516357096
ForbCover_PConc	15.464460627321149	Leotiomycetes	170.0353162294387	106.348945909222	1.598843456093853	0.1470325403842675
pHConc_BaseSatConc	3.8302444638181794	Leotiomycetes	-90.41029610106246	84.08443710881252	-1.0752322214402616	0.28471696222827325
CECConc_CaConc_TOCConc	4.7336468537469685	Leotiomycetes	-85.37838259782737	71.99089040406886	-1.1859609197582845	0.23879650960676638
KConc	6.375579996334168	Leotiomycetes	-0.9408841095351094	0.5041222238093157	-1.8663809391807311	0.06421459829227948
MgConc	2.6129799508999687	Leotiomycetes	-1.2523414676503581	1.252119008714787	-1.0001776659678694	0.31954547716110165
NaConc	4.355898582484561	Leotiomycetes	27.721653038827935	26.893532628501642	1.0307925485939566	0.30456794142253263
NConc	3.8258789817825414	Leotiomycetes	18.759884208978114	397.66466163145594	0.04717513528110333	0.9624497480832276
NO3Flux	3.996851266702176	Dothideomycetes	-2.828537658240912	3.550901508989002	-0.7965688856986184	0.42716246487191467
NH4Flux	-0.37556989321662376	Dothideomycetes	-2.6649535490424223	67.35792758338391	-0.03956406683895397	0.9685031215619198
CaFlux_MgFlux_SFlux	1.7596913071369407	Dothideomycetes	85.98415936705045	92.46146328846656	0.9299459072888794	0.35411343246233395
KFlux	7.645806849853349	Dothideomycetes	-0.14587422841869946	1.0524811632628874	-0.13860032227699184	0.889977212139912
PFlux	-1.534011724906456	Dothideomycetes	-0.7207943205428171	12.704383896175731	-0.056735873729366	0.9548443562890984
FeFlux	0.42405639841244375	Dothideomycetes	185.8536606003152	107.74803456315047	1.7248914224174317	0.08770580680877961
CuFlux	0.4381193252133783	Dothideomycetes	-3504.265612481588	2421.733507832095	-1.4470071133543354	0.1502884597213693
GrassCover_FeConc	7.02433413732428	Dothideomycetes	162.38252619660082	132.56608428188395	1.2249175728183705	0.22614581352118368
ShrubCover	0.5695970163378818	Dothideomycetes	11.662177883686557	13.674726285541409	0.8528271528196681	0.3989184320474758
ForbCover_PConc	5.039093792758286	Dothideomycetes	-301.25032075293797	154.71585899369538	-1.9471198538555368	0.06631279224892488
pHConc_BaseSatConc	3.8178316631648155	Dothideomycetes	25.86897802787532	118.12803043988619	0.21899102128042086	0.8271327097762136
CECConc_CaConc_TOCConc	4.086303425301646	Dothideomycetes	-231.01903178723924	96.87042342158811	-2.3848252503431855	0.01990189643555408
KConc	6.202575490197853	Dothideomycetes	-1.3960408254807743	0.7123544393872474	-1.9597559140385505	0.052147128725522664
MgConc	2.716833255883016	Dothideomycetes	-1.9895668458331468	1.730129425594009	-1.1499526084009957	0.25335584035754954
NaConc	4.671379515869086	Dothideomycetes	41.94091470055737	37.58419455909162	1.1159189439224488	0.26672024995128907
NConc	2.5529746633890076	Dothideomycetes	-692.6993768697256	554.8048937863256	-1.2485459025826617	0.21433500079221615
NO3Flux	9.16756201397639	Pezizomycetes	3.330646227592073	5.3357484889673215	0.6242134977836418	0.5335666303996431
NH4Flux	1.0722818495253317	Pezizomycetes	-68.6452006944361	98.82860452525513	-0.6945883838407754	0.48859987456926
CaFlux_MgFlux_SFlux	0.7918659071573927	Pezizomycetes	-73.85493532529925	138.80944327368073	-0.5320598770768407	0.5955814664449666
KFlux	3.7962748761108207	Pezizomycetes	1.050008894400503	1.563780560433998	0.6714553953203592	0.5031210644242865
PFlux	3.7055989829046307	Pezizomycetes	17.244847721371787	19.059477028650367	0.9047912330149032	0.3672263418444015
FeFlux	-0.6339187218985008	Pezizomycetes	-54.15572614066153	168.39520779893314	-0.32159897451074987	0.7482710517020887
CuFlux	1.3453079289750902	Pezizomycetes	3871.056786898247	3640.420909783187	1.0633541787696181	0.2895655648756285
GrassCover_FeConc	9.6857927511777	Pezizomycetes	-195.98299190694587	216.0915112795629	-0.9069444271385463	0.36646314021055437
ShrubCover	3.4020598678049416	Pezizomycetes	-15.563722051131005	22.429821447170905	-0.6938852405842078	0.48975372202642065
ForbCover_PConc	4.10932959147858	Pezizomycetes	339.29324316748534	296.51081277582205	1.1442862403267873	0.2581837877606695
pHConc_BaseSatConc	3.9685233673252793	Pezizomycetes	-4.047900295564047	182.6453028506693	-0.02216263014917831	0.9823534351239123
CECConc_CaConc_TOCConc	9.218572670862402	Pezizomycetes	151.46123915836418	155.52381981336998	0.9738780807989352	0.3324276427571503
KConc	6.130503855797027	Pezizomycetes	1.803212962885357	1.0659977869803523	1.6915728952808722	0.0931145398194391
MgConc	6.7062233772676	Pezizomycetes	-0.10613922045967207	2.7137805347351827	-0.03911120265663981	0.9688658937485499
NaConc	4.752335737416674	Pezizomycetes	-18.822486326465224	57.35251972991312	-0.3281893527103057	0.7432891593585214
NConc	8.32437139179145	Pezizomycetes	-924.4144726509638	845.1787059995357	-1.0937503111341658	0.2760747798914025
NO3Flux	-0.8056243936111708	Sordariomycetes	2.3163192495896863	1.739515357497213	1.3315888472076323	0.18532174916131294
NH4Flux	-1.3512947663554316	Sordariomycetes	-19.55166978307101	33.162352879412126	-0.5895742637492134	0.5565264181965279
CaFlux_MgFlux_SFlux	3.576790496220571	Sordariomycetes	-125.35384882194907	44.4383698985391	-2.820847144216918	0.005530268168843603
KFlux	1.3332191919622807	Sordariomycetes	0.200372814288072	0.5168461250767736	0.3876836926238116	0.6988749874771436
PFlux	3.7517346445926556	Sordariomycetes	11.312727653767215	6.167173874969478	1.8343455013781662	0.06892996578651964
FeFlux	3.0618955930923857	Sordariomycetes	-55.95012363622983	53.63426069351026	-1.043178798640545	0.29922693691596747
CuFlux	-0.17958157135685415	Sordariomycetes	-300.01006837901105	1192.4801307949722	-0.25158496198926855	0.8017693645323345
GrassCover_FeConc	2.439616257730671	Sordariomycetes	-53.895281281105966	66.33947559529327	-0.8124164503484528	0.4196569746897081
ShrubCover	1.7656577426219688	Sordariomycetes	10.659856776527993	6.405180882697156	1.6642553850937052	0.10535000925730281
ForbCover_PConc	4.323918996001834	Sordariomycetes	-86.47422760348294	81.04144346482774	-1.067037109735256	0.2975400081722952
pHConc_BaseSatConc	3.6211799456238976	Sordariomycetes	-27.747879494607098	57.60218489613329	-0.4817157464537383	0.6311631654570745
CECConc_CaConc_TOCConc	3.0182823010098927	Sordariomycetes	42.54987781835383	48.193245712735376	0.8829012694430279	0.3805659729041684
KConc	4.046393328828547	Sordariomycetes	-0.17492020740013456	0.35479559570624347	-0.49301685115888944	0.6228216428078945
MgConc	1.3749170790521748	Sordariomycetes	-0.09801647422338322	0.8520575592534566	-0.11503503860614989	0.908691003197684
NaConc	3.6710785934420924	Sordariomycetes	-15.844843389383138	18.474699665552205	-0.8576509321516778	0.392832297549509
NConc	1.1105389885656687	Sordariomycetes	-108.17332615834083	272.6659998627456	-0.3967246602539115	0.6923266902697606
NO3Flux	5.133823659498966	Eurotiomycetes	-0.07697608648064429	0.34826476580123406	-0.22102748839248648	0.8254157766990421
NH4Flux	-0.9482781753755867	Eurotiomycetes	2.6572857148454285	6.567101881942042	0.40463598138355794	0.6864298403544716
CaFlux_MgFlux_SFlux	4.38347768718833	Eurotiomycetes	8.722795957211606	9.02066615703261	0.9669791349512717	0.3353526536471114
KFlux	0.6887413969067356	Eurotiomycetes	0.1296478455003527	0.10220397145752483	1.268520622549715	0.2068446618201208
PFlux	6.271376339928527	Eurotiomycetes	2.6424553764303735	1.2191120972419336	2.1675245306879902	0.03205565692905442
FeFlux	5.72031874282354	Eurotiomycetes	-8.531132877833523	10.747959682546757	-0.7937444063627199	0.4290361023897429
CuFlux	5.7596425600362045	Eurotiomycetes	-378.1521930734964	235.3262918668473	-1.6069270886546883	0.11052617518000628
GrassCover_FeConc	9.601531198380586	Eurotiomycetes	-2.33071791659779	13.438493655863827	-0.17343595021014813	0.8628226101354932
ShrubCover	1.402722002794301	Eurotiomycetes	-1.052941457954338	1.416479927526882	-0.7433507792748832	0.4603868683024257
ForbCover_PConc	3.381823775063427	Eurotiomycetes	8.739088606578346	16.636910838473895	0.5252831304696697	0.6040247983566984
pHConc_BaseSatConc	2.263530177641805	Eurotiomycetes	-0.3562924305735598	11.603587127306167	-0.030705369526214343	0.9755655033437327
CECConc_CaConc_TOCConc	7.634443615136845	Eurotiomycetes	13.795711466904434	9.82639108995398	1.403944880741465	0.1641622169140132
KConc	6.486095494695468	Eurotiomycetes	0.0915867731355797	0.070179241045159	1.3050408036850292	0.19414938748117408
MgConc	3.177798979952294	Eurotiomycetes	0.1279188996216948	0.17107210558630626	0.7477484373228775	0.4564945620446691
NaConc	3.9384109549290973	Eurotiomycetes	-0.9149409822000956	3.7056607508582178	-0.24690360065696745	0.8053953803047267
NConc	-0.28497946595957385	Eurotiomycetes	60.53907816875624	54.49458196779291	1.1109192140337127	0.2688198174940256
NO3Flux	12.023123663596698	Glomeromycetes	-1.5501654072975712	0.8242469471102061	-1.8807050638554639	0.06221548064606869
NH4Flux	-0.3154296993759092	Glomeromycetes	13.606861917402208	15.440996960401861	0.8812165401169848	0.37988802431236846
CaFlux_MgFlux_SFlux	0.8863375858737214	Glomeromycetes	47.93949157420713	21.28411716878881	2.252359879154676	0.025962015497765598
KFlux	6.8659621778479645	Glomeromycetes	-0.6533147290474282	0.23797838380653907	-2.7452692072172846	0.006902084725539653
PFlux	5.060615969748749	Glomeromycetes	-4.944254808203427	2.9557484645218275	-1.6727589872920037	0.09674357032586832
FeFlux	3.5348218376061267	Glomeromycetes	78.99765112737474	25.40547162786423	3.1094739072165716	0.0023012106273329123
CuFlux	5.22412458116955	Glomeromycetes	-1776.045855449843	549.5283990489709	-3.2319455346138932	0.0015557574459425195
GrassCover_FeConc	10.535436953265366	Glomeromycetes	119.82053283953499	31.159305031317636	3.8454173711225463	2.3640881485924813e-4
ShrubCover	0.8469003998310911	Glomeromycetes	3.654677741602144	3.4999747978206437	1.044201159356299	0.29938148933348113
ForbCover_PConc	6.640044923977561	Glomeromycetes	-60.67669267214718	44.66419344077761	-1.358508639646685	0.18151433690557536
pHConc_BaseSatConc	4.872645239319216	Glomeromycetes	13.351146190046093	28.38845597792924	0.47030194951166115	0.6389851527252142
CECConc_CaConc_TOCConc	4.218800409234644	Glomeromycetes	-35.81927880828649	24.339875600090814	-1.4716294937905454	0.14397336651653056
KConc	6.273201025700584	Glomeromycetes	-0.32004184265432467	0.16641384181417368	-1.9231684045351227	0.05662548366703011
MgConc	3.8764020166482456	Glomeromycetes	0.19818626371296824	0.4216831496268929	0.4699885776520222	0.6392319221843131
NaConc	2.671690104091796	Glomeromycetes	17.058919570907523	8.842856060380365	1.9291187659763573	0.0558626513599514
NConc	2.2904326788730622	Glomeromycetes	-86.36761897202527	132.35498037682316	-0.652545289388666	0.5151968187625477
MACmoist	3.712719126432008	Agaricomycetes	-462830.3448621037	192855.0397482154	-2.399887218225452	0.018756294202754875
meanmoist	3.991421210133409	Agaricomycetes	9375.283443177863	6718.461828908146	1.3954508757998692	0.16751494866261066
meansoiltemp	-0.3464717069924659	Agaricomycetes	458.2176235581153	344.1111811913595	1.3315976015998778	0.1970684523955749
MACmoist	1.7226781472656698	Leotiomycetes	-87128.26739891982	86235.33086343032	-1.0103546484549775	0.31541013482494057
meanmoist	-4.525896096538488	Leotiomycetes	-1271.6379102586745	3013.072551311765	-0.42204025578642534	0.6741974294340902
meansoiltemp	5.037608366797425	Leotiomycetes	-284.7720374782618	148.14442784660937	-1.922259524827477	0.06921676411695486
MACmoist	0.03587809524230111	Dothideomycetes	148303.4676568497	121066.41537086265	1.2249761191206645	0.2242830141566078
meanmoist	1.0047935613589145	Dothideomycetes	741.3581347034981	4225.706221836177	0.17544005564621554	0.8612293805952018
meansoiltemp	7.588219946369569	Dothideomycetes	582.8216529019644	156.28938484208606	3.729118605789153	3.5990430754724063e-4
MACmoist	9.371021912265	Pezizomycetes	184098.8892760919	176485.5703691176	1.04313847806963	0.30010412675062165
meanmoist	3.9817913429243523	Pezizomycetes	-2694.6333100765055	6245.2499324999935	-0.43146925090279536	0.6673032135988717
meansoiltemp	-0.06848021005460941	Pezizomycetes	-237.73841704247357	363.3307589728637	-0.6543305546564795	0.5165064278877542
MACmoist	-1.921797977511869	Sordariomycetes	19998.938306472803	69469.91515182238	0.28787912383031283	0.7742258676514634
meanmoist	-0.7058489780839973	Sordariomycetes	-5838.967293733233	2186.392915093186	-2.6705937681308174	0.010705125088532106
meansoiltemp	0.6799741670071527	Sordariomycetes	125.52151320873575	118.65572295806261	1.0578631192791246	0.30297277478072593
MACmoist	0.7634765126413711	Eurotiomycetes	-12393.846833727588	12468.319576585483	-0.9940270425055715	0.32325598149834445
meanmoist	1.220189231890728	Eurotiomycetes	6.546405598137186	439.06603087483523	0.014909843025418135	0.9881422832739788
meansoiltemp	5.702921632321664	Eurotiomycetes	5.225689689545467	25.07072806806985	0.20843789120751224	0.8360652090553811
MACmoist	1.1262455423732716	Glomeromycetes	2811.0259386926696	29892.5869388136	0.09403756002939756	0.925320132546894
meanmoist	7.665940420905937	Glomeromycetes	1307.339744547032	1041.631953380425	1.2550879802643353	0.21314690603110395
meansoiltemp	1.9658275824135722	Glomeromycetes	26.004474785566664	61.7746538789673	0.42095702934275003	0.6758526130299675
